name,GET,1790051476486
name,GET,1790051476499
name,GET,1790051477684
name,SET,1790052146775
name,GET,1790052146835
name,GET,1790052146864
age,SET,1790052146874
age,GET,1790052146889
age,DELETE,1790052148318
user1,SET,1790052375040
user2,SET,1790052375061
user3,SET,1790052375069
product1,SET,1790052375080
product2,SET,1790052375085
user1,GET,1790052375093
user2,GET,1790052375094
user3,GET,1790052375095
product1,GET,1790052375095
product2,GET,1790052375096
user1,GET,1790052375110
user1,GET,1790052375132
product1,GET,1790052375132
user1,GET,1790052375148
user2,GET,1790052375150
user1,GET,1790052375170
product1,GET,1790052375173
user1,GET,1790052375196
user1,GET,1790052375213
user2,GET,1790052375214
product1,GET,1790052375214
user1,GET,1790052375230
user1,GET,1790052375244
product1,GET,1790052375245
user1,GET,1790052375261
user2,GET,1790052375262
user1,GET,1790052375283
user3,GET,1790052375286
product1,GET,1790052375290
user1,GET,1790052375317
user1,GET,1790052375332
user2,GET,1790052375334
product1,GET,1790052375336
user1,GET,1790052375363
user1,GET,1790052375384
product1,GET,1790052375386
user1,GET,1790052375449
user2,GET,1790052375453
user1,GET,1790052375474
product1,GET,1790052375475
user1,GET,1790052375501
user1,GET,1790052375517
user2,GET,1790052375586
product1,GET,1790052375591
user1,GET,1790052375629
user1,GET,1790052375687
user3,GET,1790052375688
product1,GET,1790052375689
product2,GET,1790052375690
user1,GET,1790052375709
user2,GET,1790052375710
user1,GET,1790052375724
product1,GET,1790052375725
user1,GET,1790052375750
user1,GET,1790052375778
user2,GET,1790052375778
product1,GET,1790052375778
user1,GET,1790052375794
user1,GET,1790052375810
product1,GET,1790052375810
user1,GET,1790052375831
user2,GET,1790052375831
user1,GET,1790052375844
product1,GET,1790052375845
user1,GET,1790052375859
user1,GET,1790052375882
user2,GET,1790052375883
user3,GET,1790052375884
product1,GET,1790052375884
user1,GET,1790052375978
user1,GET,1790052375995
product1,GET,1790052375996
user1,GET,1790052376012
user2,GET,1790052376013
user1,GET,1790052376029
product1,GET,1790052376030
user1,GET,1790052376045
user1,GET,1790052376060
user2,GET,1790052376061
product1,GET,1790052376062
user1,GET,1790052376076
user1,GET,1790052376105
product1,GET,1790052376105
user1,GET,1790052376121
user2,GET,1790052376121
user1,GET,1790052376136
user3,GET,1790052376136
product1,GET,1790052376136
product2,GET,1790052376136
user1,GET,1790052376152
user1,GET,1790052376168
user2,GET,1790052376168
product1,GET,1790052376168
user1,GET,1790052376183
user1,GET,1790052376199
product1,GET,1790052376199
user1,GET,1790052376215
user2,GET,1790052376216
user1,GET,1790052376231
product1,GET,1790052376231
user1,GET,1790052376248
user1,GET,1790052376262
user2,GET,1790052376263
product1,GET,1790052376264
user1,GET,1790052376278
user1,GET,1790052376294
user3,GET,1790052376295
product1,GET,1790052376296
user1,GET,1790052376324
user2,GET,1790052376324
user1,GET,1790052376346
product1,GET,1790052376346
user1,GET,1790052376362
user1,GET,1790052376378
user2,GET,1790052376378
product1,GET,1790052376378
user1,GET,1790052376393
user1,GET,1790052376409
product1,GET,1790052376409
user1,GET,1790052376424
user2,GET,1790052376424
user1,GET,1790052376440
product1,GET,1790052376440
user1,GET,1790052376456
user1,GET,1790052376471
user2,GET,1790052376472
user3,GET,1790052376473
product1,GET,1790052376473
product2,GET,1790052376474
user1,GET,1790052376486
user1,GET,1790052376503
product1,GET,1790052376503
user1,GET,1790052376518
user2,GET,1790052376519
user1,GET,1790052376534
product1,GET,1790052376535
user1,GET,1790052376550
user1,GET,1790052376566
user2,GET,1790052376567
product1,GET,1790052376567
user1,GET,1790052376581
user1,GET,1790052376597
product1,GET,1790052376599
user1,GET,1790052376613
user2,GET,1790052376614
user1,GET,1790052376629
user3,GET,1790052376630
product1,GET,1790052376630
user1,GET,1790052376644
user1,GET,1790052376661
user2,GET,1790052376662
product1,GET,1790052376662
user1,GET,1790052376677
user1,GET,1790052376691
product1,GET,1790052376705
user1,GET,1790052376724
user2,GET,1790052376725
user1,GET,1790052376754
product1,GET,1790052376755
user1,GET,1790052376770
user1,GET,1790052376824
user2,GET,1790052376825
product1,GET,1790052376825
user1,GET,1790052376850
user1,GET,1790052376869
user3,GET,1790052376870
product1,GET,1790052376871
product2,GET,1790052376871
user1,GET,1790052376882
user2,GET,1790052376883
user1,GET,1790052376898
product1,GET,1790052376899
user1,GET,1790052376915
user1,GET,1790052376930
user2,GET,1790052376931
product1,GET,1790052376932
user1,GET,1790052376946
user1,GET,1790052376962
product1,GET,1790052376963
user1,GET,1790052376978
user2,GET,1790052376979
user1,GET,1790052376994
product1,GET,1790052376995
user1,GET,1790052377010
user1,GET,1790052377025
user2,GET,1790052377026
user3,GET,1790052377027
product1,GET,1790052377028
user1,GET,1790052377041
user1,GET,1790052377057
product1,GET,1790052377059
user1,GET,1790052377085
user2,GET,1790052377086
user1,GET,1790052377108
product1,GET,1790052377109
user1,GET,1790052377121
user1,GET,1790052377137
user2,GET,1790052377138
product1,GET,1790052377138
user1,GET,1790052377153
user1,GET,1790052377169
product1,GET,1790052377170
user1,GET,1790052377185
user2,GET,1790052377186
